{"rate": 3.7861582, "product_id": 3584392.43757, "likes": 0.30558, "dislikes": 0.0544, "Rate": 83.17916, "Rate_cnt": 723.99755, "min_price_last_month": 327727.237}